{
    "$schema": "https://schema.management.azure.com/schemas/2015-01-01/deploymentParameters.json#",
    "contentVersion": "1.0.0.0",
    "parameters": {
        "subscriptionId": {
            "value": "34b3db64-b4ab-4846-bbda-5fe9e77ff4bd"
        },
        "name": {
            "value": "msnirmal"
        },
        "location": {
            "value": "East US"
        },
        "hostingPlanName": {
            "value": "Free-ASP"
        },
        "serverFarmResourceGroup": {
            "value": "newwebapp"
        },
        "alwaysOn": {
            "value": false
        },
        "ftpsState": {
            "value": "FtpsOnly"
        },
        "sku": {
            "value": "Free"
        },
        "skuCode": {
            "value": "F1"
        },
        "numberOfWorkers": {
            "value": "1"
        },
        "workerSize": {
            "value": "0"
        },
        "workerSizeId": {
            "value": "0"
        },
        "linuxFxVersion": {
            "value": "JAVA|17-java17"
        }
    }
}